timestamp,task_id,asr_model,diarization_model,asr_checkpoint,diarization_checkpoint,audio_duration_sec,asr_time_sec,diarization_time_sec,alignment_time_sec,total_time_sec,rtf
2026-09-02T14:07:55.151075,66e334d4-11db-4b89-adb8-63b20c178037,whisper,nemo,large-v3-turbo,nvidia/diar_streaming_sortformer_4spk-v2,5013.0546875,63.73202320886776,12.385408362839371,0.11953111970797181,82.9222574159503,0.015183842251213648
2026-09-02T14:07:55.693236,daa61684-0d22-4e1a-891c-268f81755d02,gigaam,nemo,multilingual_large_ctc,nvidia/diar_streaming_sortformer_4spk-v2,5013.0546875,8.864781860727817,9.307929677888751,0.10906849801540375,24.89430886087939,0.0036250774570502965
2026-09-02T14:07:56.275242,e47ea752-a730-4495-a66e-ca5359b96a8d,whisper,pyannote,large-v3-turbo,pyannote/speaker-diarization-3.1,5013.0546875,75.92609835788608,213.9619639632292,0.1290277587249875,296.6857752245851,0.05782663074551095
2026-09-02T14:07:56.836646,c0a69c05-e391-4e62-a447-5b9d46fd8aa4,gigaam,pyannote,multilingual_large_ctc,pyannote/speaker-diarization-3.1,5013.0546875,7.061298044864088,213.1847451850772,0.13143786927685142,227.01444277213886,0.04393449841652885
2026-09-02T14:07:57.385460,6c294243-0a20-4549-b691-89329253409f,whisper,,large-v3-turbo,,5013.0546875,64.4292667536065,0.0,0.0023439782671630383,71.09299327107146,0.012852296807026703
2026-09-02T14:07:57.923949,b2e8807b-e942-47c6-ac28-27eed13ccb5a,gigaam,,multilingual_large_ctc,,5013.0546875,7.075729583855718,0.0,0.0009796288795769215,13.897999290842563,0.0014114606811489563
2026-09-02T14:08:41.794079,cacf565f-51ea-41a5-bfc0-2e0991c53076,whisper,nemo,large-v3-turbo,nvidia/diar_streaming_sortformer_4spk-v2,5013.0546875,60.47577603999525,9.139763982966542,0.09753613825887442,76.53248406294733,0.01388685030637057
2026-09-02T14:08:42.334163,7256d481-0707-43ad-938a-df1dc5a5d7df,gigaam,nemo,multilingual_large_ctc,nvidia/diar_streaming_sortformer_4spk-v2,5013.0546875,7.0500884796492755,9.155813782010227,0.11036050086840987,23.022103549912572,0.0032327399703156547
2026-09-02T14:08:42.869221,2143c2b3-2bbd-4c3a-8e30-0386115df55c,whisper,pyannote,large-v3-turbo,pyannote/speaker-diarization-3.1,5013.0546875,62.83526249276474,212.97614402603358,0.1367027349770069,282.8488690331578,0.055018631096630806
2026-09-02T14:08:43.412105,8463f3e7-9995-417c-9896-9daeaa0ee34c,gigaam,pyannote,multilingual_large_ctc,pyannote/speaker-diarization-3.1,5013.0546875,7.051823908928782,214.68799126893282,0.1298119011335075,228.61955899139866,0.044232474808377324
2026-09-02T14:08:43.946140,0f77685a-17a1-4f11-82fe-efeaa5ffd480,whisper,,large-v3-turbo,,5013.0546875,56.35129166720435,0.0,0.002146486658602953,63.067541007418185,0.011240909022539833
2026-09-02T14:08:44.485101,b87a18c8-a8b8-4ccb-b0fa-fca56bcec263,gigaam,,multilingual_large_ctc,,5013.0546875,7.026150160934776,0.0,0.0009849192574620247,13.69998801406473,0.0014015706188991732
2026-09-02T14:08:50.776889,9750ced0-655d-4e1c-9f33-afbeae353038,whisper,nemo,large-v3-turbo,nvidia/diar_streaming_sortformer_4spk-v2,5013.0546875,80.15322474204004,9.117288541048765,0.10432888334617019,96.15784517209977,0.017807608104831552
2026-09-02T14:08:51.304720,005a7615-648c-4580-8a45-b55a079bf97d,gigaam,nemo,multilingual_large_ctc,nvidia/diar_streaming_sortformer_4spk-v2,5013.0546875,7.05263565806672,9.136347574181855,0.10979419061914086,22.89306879416108,0.0032293649763318237
2026-09-02T14:08:51.837996,e55c2464-7771-4c1b-af10-cd3946a57cef,whisper,pyannote,large-v3-turbo,pyannote/speaker-diarization-3.1,5013.0546875,71.92581047536805,216.19965006317943,0.12557358387857676,294.98343132203445,0.05747502840074443
2026-09-02T14:08:52.365039,19da62a6-7287-4b31-beaa-214922763329,gigaam,pyannote,multilingual_large_ctc,pyannote/speaker-diarization-3.1,5013.0546875,7.090954405255616,216.368307181634,0.13287363201379776,230.27367734722793,0.04457546855494774
2026-09-02T14:08:52.888101,9a27cb35-f180-4897-96f9-12e321b0d0de,whisper,,large-v3-turbo,,5013.0546875,72.66516981599852,0.0,0.0033409022726118565,79.39328761259094,0.0144951879334547
2026-09-02T14:08:53.418524,6ef90863-c48e-41a7-ab0c-dd8445f4dbb7,gigaam,,multilingual_large_ctc,,5013.0546875,7.031307109631598,0.0,0.0009654397144913673,13.726459404919297,0.0014025993227570585
2026-09-02T14:08:57.012507,0893a09e-7065-49b3-b67f-5c16dbfc7a2f,whisper,nemo,large-v3-turbo,nvidia/diar_streaming_sortformer_4spk-v2,5013.0546875,58.691447015851736,9.186123148072511,0.10167261306196451,74.78375830408186,0.013540161517323214
2026-09-02T14:08:57.538086,36a73b20-b845-40d2-825f-3364a15d6581,gigaam,nemo,multilingual_large_ctc,nvidia/diar_streaming_sortformer_4spk-v2,5013.0546875,7.083628988824785,9.118833978194743,0.11024963390082121,22.949023571796715,0.00323205390266741
2026-09-02T14:08:58.066802,6b9aeae4-8cfa-4938-bd1f-e4fbca40cb6b,whisper,pyannote,large-v3-turbo,pyannote/speaker-diarization-3.1,5013.0546875,69.17248904611915,213.45181845827028,0.11572600668296218,289.4583235522732,0.056377662946528434
2026-09-02T14:08:58.592680,d0912954-4053-4758-af59-3230b9eed887,gigaam,pyannote,multilingual_large_ctc,pyannote/speaker-diarization-3.1,5013.0546875,6.927369660232216,215.6272010281682,0.13269800366833806,229.1955676227808,0.04439500156328594
2026-09-02T14:08:59.131767,7450c360-5d4b-4172-8a4d-d4a706dd5095,whisper,,large-v3-turbo,,5013.0546875,56.55883066682145,0.0,0.0023134401999413967,63.25419523008168,0.011282308730413476
2026-09-02T14:08:59.665786,f488eb49-6ddd-4fe7-8307-5697ea98c8bb,gigaam,,multilingual_large_ctc,,5013.0546875,7.073579354677349,0.0,0.0009927600622177124,13.865758126135916,0.0014110317552120959
2026-09-02T14:09:05.225294,52847638-7ddb-43ab-a4c0-4dae58615f28,whisper,nemo,large-v3-turbo,nvidia/diar_streaming_sortformer_4spk-v2,5013.0546875,73.81757058436051,9.300826357211918,0.11486050486564636,89.93053968902677,0.016580389028834512
2026-09-02T14:09:05.778595,0666719d-6892-4e15-a2bb-41825bf94dda,gigaam,nemo,multilingual_large_ctc,nvidia/diar_streaming_sortformer_4spk-v2,5013.0546875,6.930170097853988,9.138796363025904,0.11143358470872045,22.92244141921401,0.003205424130111266
2026-09-02T14:09:06.339571,ad79badf-9c43-4a11-a21c-bac0646de753,whisper,pyannote,large-v3-turbo,pyannote/speaker-diarization-3.1,5013.0546875,78.01682553300634,216.19011786021292,0.12478035828098655,301.110473502893,0.05868815756724562
2026-09-02T14:09:06.909483,37529363-3c8f-4c4a-b996-5c70067ea6e0,gigaam,pyannote,multilingual_large_ctc,pyannote/speaker-diarization-3.1,5013.0546875,7.034750027582049,215.60825069481507,0.1308343382552266,229.47538601560518,0.044412641513278346
2026-09-02T14:09:07.575557,5e311882-9039-43a4-b879-aae2e72d2500,whisper,,large-v3-turbo,,5013.0546875,80.29642394185066,0.0,0.0038731233216822147,86.94780481280759,0.01601746419046035
2026-09-02T14:09:08.110553,aeb2f396-0f25-402c-8a16-6f245b7d94b5,gigaam,,multilingual_large_ctc,,5013.0546875,6.930093442089856,0.0,0.0009743841364979744,13.612064491026103,0.0013824093041254811
2026-09-02T15:10:28.780341,69301e58-032c-4d5a-89b7-1edf1209c540,whisper,nemo,large-v3-turbo,nvidia/diar_streaming_sortformer_4spk-v2,5013.0546875,58.4417319316417,9.085795167833567,0.10360861290246248,74.39981504622847,0.013470335216540617
2026-09-02T15:10:29.351862,7d6ec3bf-b6da-4eee-8013-a74b0fbb5baf,gigaam,nemo,multilingual_large_ctc,nvidia/diar_streaming_sortformer_4spk-v2,5013.0546875,6.970453520771116,9.115641085896641,0.11138207977637649,22.752872680779546,0.003208840838456893
2026-09-02T15:10:29.925709,658dda6f-ae8c-4b43-813b-f3f2fee8a2c1,whisper,pyannote,large-v3-turbo,pyannote/speaker-diarization-3.1,5013.0546875,73.33848129073158,214.66434504138306,0.13585338275879622,294.7949577481486,0.057450565430743596
2026-09-02T15:10:30.477679,cdec72ef-200b-45b7-a088-bc50e636513a,gigaam,pyannote,multilingual_large_ctc,pyannote/speaker-diarization-3.1,5013.0546875,7.048721039202064,214.77560503501445,0.12913432391360402,228.65997190820053,0.04424933297203663
2026-09-02T15:10:31.038805,d95a4cd7-9a6a-4c66-b5de-21927b18875a,whisper,,large-v3-turbo,,5013.0546875,65.5225234022364,0.0,0.0024787322618067265,72.2541304542683,0.013070378738459834
2026-09-02T15:10:31.601702,29d66cb7-0371-4fba-8f1d-9dbd0be4b985,gigaam,,multilingual_large_ctc,,5013.0546875,7.083490577992052,0.0,0.0009650713764131069,13.765895291697234,0.0014130088378358733
2026-09-02T15:10:33.486119,bbcc6adf-8d6a-4d0d-a869-ca0d621c0b1b,whisper,nemo,large-v3-turbo,nvidia/diar_streaming_sortformer_4spk-v2,5013.0546875,81.86092656012625,9.094092068262398,0.1048786542378366,97.83677939604968,0.0181436318369285
2026-09-02T15:10:34.048426,9b7df3a6-f9ba-4fb2-a486-d4c432177336,gigaam,nemo,multilingual_large_ctc,nvidia/diar_streaming_sortformer_4spk-v2,5013.0546875,7.034942676778883,9.088498776778579,0.10979437408968806,22.96488692704588,0.0032162907565642753
2026-09-02T15:10:34.608453,4a597941-aa82-4c25-ae03-06ce1a953678,whisper,pyannote,large-v3-turbo,pyannote/speaker-diarization-3.1,5013.0546875,64.11402488313615,217.1886603999883,0.12464989628642797,288.0532038011588,0.05611402683967318
2026-09-02T15:10:35.176053,389b77e3-9863-49f4-ab82-4f3117943eac,gigaam,pyannote,multilingual_large_ctc,pyannote/speaker-diarization-3.1,5013.0546875,7.089355368167162,212.96803450305015,0.1313605853356421,226.81202080613002,0.04389686600066984
2026-09-02T15:10:35.760328,5fdaed9d-09b1-4f34-9554-ed17b6a5808e,whisper,,large-v3-turbo,,5013.0546875,62.085082333069295,0.0,0.0021478598937392235,68.76582991564646,0.012384680838985819
2026-09-02T15:10:36.590936,492b24a6-cc9d-42e9-a43a-f6c2c931650f,gigaam,,multilingual_large_ctc,,5013.0546875,6.885772394016385,0.0,0.0009591598063707352,13.541163010988384,0.0013735681781381693
2026-09-02T15:10:38.160815,a08f5e18-adcc-436b-ab8c-b70cd51608a3,whisper,nemo,large-v3-turbo,nvidia/diar_streaming_sortformer_4spk-v2,5013.0546875,56.37964122602716,9.100950205232948,0.09889381472021341,72.28757352614775,0.013062014183594543
2026-09-02T15:10:38.740314,98699056-2b1a-4c5c-9373-a8c0c6c7fa6d,gigaam,nemo,multilingual_large_ctc,nvidia/diar_streaming_sortformer_4spk-v2,5013.0546875,7.0449819238856435,9.105332775041461,0.11123223602771759,23.02822554623708,0.003221651409308928
2026-09-02T15:10:39.289137,636dc338-8684-409c-96eb-1a8f284eea50,whisper,pyannote,large-v3-turbo,pyannote/speaker-diarization-3.1,5013.0546875,71.50348827289417,216.3008548268117,0.1265235231257975,294.6862735552713,0.05741097215981765
2026-09-02T15:10:39.824144,0bdfa7c6-cc7d-4484-a603-32bfa1e257a4,gigaam,pyannote,multilingual_large_ctc,pyannote/speaker-diarization-3.1,5013.0546875,6.930486670695245,215.1355130476877,0.1313014100305736,228.82703856518492,0.04429754183055338
2026-09-02T15:10:40.374766,6fdc4131-3eac-4ae3-8528-1d08c097a89e,whisper,,large-v3-turbo,,5013.0546875,80.15873565524817,0.0,0.003421213012188673,86.84741105511785,0.015989998245006812
2026-09-02T15:10:40.923867,beb92a76-060a-4849-bd75-e63e05a587ed,gigaam,,multilingual_large_ctc,,5013.0546875,6.9389414130710065,0.0,0.0009742709808051586,13.670654672197998,0.0013841742900537642
2026-09-02T15:10:43.099327,ecd572c9-35c0-4db5-bc15-3013c3272d5b,whisper,nemo,large-v3-turbo,nvidia/diar_streaming_sortformer_4spk-v2,5013.0546875,82.16110560670495,9.09904155600816,0.10272337403148413,98.01428707130253,0.01820449862441544
2026-09-02T15:10:43.653910,7d9a8a72-8e94-4921-ae16-5c5e8168ed03,gigaam,nemo,multilingual_large_ctc,nvidia/diar_streaming_sortformer_4spk-v2,5013.0546875,6.947265598922968,9.35028413310647,0.11060194717720151,23.00521903997287,0.003251021731852878
2026-09-02T15:10:44.219635,bfbb44c2-eb3f-4262-8c41-cac12c1b90fb,whisper,pyannote,large-v3-turbo,pyannote/speaker-diarization-3.1,5013.0546875,83.78975286474451,214.2775324350223,0.13167601125314832,304.9672332489863,0.05945821537574575
2026-09-02T15:10:44.761347,24f4279a-d168-48f4-ac65-d2959894d282,gigaam,pyannote,multilingual_large_ctc,pyannote/speaker-diarization-3.1,5013.0546875,7.037870505824685,214.2471987376921,0.13128279522061348,228.1362275336869,0.04414176246576539
2026-09-02T15:10:45.308137,ae579354-2cc8-4427-9649-192c94765016,whisper,,large-v3-turbo,,5013.0546875,62.94582346826792,0.0,0.0021225898526608944,69.71899148821831,0.012556380768241502
2026-09-02T15:10:45.860118,03f6e788-5f0c-4369-b22d-56fa37dd574e,gigaam,,multilingual_large_ctc,,5013.0546875,6.927671902347356,0.0,0.0009669801220297813,13.585076423827559,0.0013819262573818384
2026-09-02T15:10:47.073862,145d0c37-195a-4328-9926-4447e3abec9f,whisper,nemo,large-v3-turbo,nvidia/diar_streaming_sortformer_4spk-v2,5013.0546875,58.74139921599999,9.089412316679955,0.09928464703261852,74.6636598133482,0.013530834144262453
2026-09-02T15:10:47.617659,8826d30b-001b-42c6-844b-67b417d7747c,gigaam,nemo,multilingual_large_ctc,nvidia/diar_streaming_sortformer_4spk-v2,5013.0546875,6.964161442127079,9.176884807180613,0.11108990898355842,22.90295541472733,0.0032198025466498945
2026-09-02T15:10:48.163335,073c0623-8efc-49c8-b4c4-1091ba4bd002,whisper,pyannote,large-v3-turbo,pyannote/speaker-diarization-3.1,5013.0546875,75.83279171725735,215.35819451883435,0.12767223687842488,298.1316816289909,0.05808653692970344
2026-09-02T15:10:48.710304,5ffd4686-cc2d-48b9-880a-74871168c3ed,gigaam,pyannote,multilingual_large_ctc,pyannote/speaker-diarization-3.1,5013.0546875,6.948473521973938,214.29894781904295,0.13055172469466925,228.0342988311313,0.04413425249333406
2026-09-02T15:10:49.256228,39498aee-f201-493e-9d74-542f3470045a,whisper,,large-v3-turbo,,5013.0546875,67.11369978822768,0.0,0.0024862107820808887,73.75329475617036,0.013387785286997765
2026-09-02T15:10:49.815038,5418b9a4-a47b-48d3-a920-8472083ee170,gigaam,,multilingual_large_ctc,,5013.0546875,7.019788743928075,0.0,0.0009806598536670208,13.808331050910056,0.0014003016486997131
